,Wojciech Szczesny,Laurent Koscielny,Bacary Sagna,Kieran Gibbs,Per Mertesacker,Aaron Ramsey,Jack Wilshere,Tomáš Rosický,Alex Oxlade-Chamberlain,Theo Walcott,Olivier Giroud,Carl Jenkinson,Santi Cazorla,Lukas Podolski,buffer
buffer,Wojciech Szczesny,Bacary Sagna,Carl Jenkinson,Kieran Gibbs,Per Mertesacker,Aaron Ramsey,Carl Jenkinson,Tomáš Rosický,Theo Walcott,Olivier Giroud,Lukas Podolski,Nacho Monreal,Jack Wilshere,Yaya Sanogo,
buffer,Wojciech Szczesny,Carl Jenkinson,Per Mertesacker,Laurent Koscielny,Kieran Gibbs,Santi Cazorla,Aaron Ramsey,Jack Wilshere,Tomáš Rosický,Theo Walcott,Olivier Giroud,Mathieu Flamini,Nacho Monreal,Bacary Sagna,
buffer,Wojciech Szczesny,Bacary Sagna,Carl Jenkinson,Kieran Gibbs,Laurent Koscielny,Jack Wilshere,Theo Walcott,Mathieu Flamini,Aaron Ramsey,Mesut Özil,Olivier Giroud,Nacho Monreal,Chuba Akpom,Thomas Vermaelen,
buffer,Wojciech Szczesny,Laurent Koscielny,Bacary Sagna,Kieran Gibbs,Per Mertesacker,Mesut Özil,Aaron Ramsey,Jack Wilshere,Mathieu Flamini,Olivier Giroud,Serge Gnabry,Nacho Monreal,Mikel Arteta,Ryo Miyaichi,
buffer,Wojciech Szczesny,Laurent Koscielny,Bacary Sagna,Kieran Gibbs,Per Mertesacker,Mesut Özil,Aaron Ramsey,Jack Wilshere,Serge Gnabry,Mathieu Flamini,Olivier Giroud,Carl Jenkinson,Nacho Monreal,Mikel Arteta,
buffer,Wojciech Szczesny,Laurent Koscielny,Carl Jenkinson,Kieran Gibbs,Per Mertesacker,Mesut Özil,Mathieu Flamini,Jack Wilshere,Aaron Ramsey,Mikel Arteta,Olivier Giroud,Tomáš Rosický,Nicklas Bendtner,,
buffer,Wojciech Szczesny,Kieran Gibbs,Laurent Koscielny,Per Mertesacker,Bacary Sagna,Mesut Özil,Mikel Arteta,Jack Wilshere,Mathieu Flamini,Santi Cazorla,Olivier Giroud,Nicklas Bendtner,Aaron Ramsey,Tomáš Rosický,
buffer,Wojciech Szczesny,Per Mertesacker,Laurent Koscielny,Bacary Sagna,Kieran Gibbs,Mikel Arteta,Mesut Özil,Mathieu Flamini,Santi Cazorla,Aaron Ramsey,Olivier Giroud,Serge Gnabry,Jack Wilshere,Nacho Monreal,
buffer,Wojciech Szczesny,Per Mertesacker,Laurent Koscielny,Bacary Sagna,Kieran Gibbs,Aaron Ramsey,Mesut Özil,Mikel Arteta,Santi Cazorla,Tomáš Rosický,Olivier Giroud,Thomas Vermaelen,Nacho Monreal,Carl Jenkinson,
buffer,Wojciech Szczesny,Laurent Koscielny,Thomas Vermaelen,Bacary Sagna,Kieran Gibbs,Mikel Arteta,Mesut Özil,Mathieu Flamini,Santi Cazorla,Aaron Ramsey,Olivier Giroud,Serge Gnabry,Jack Wilshere,Nicklas Bendtner,
buffer,Wojciech Szczesny,Laurent Koscielny,Per Mertesacker,Bacary Sagna,Kieran Gibbs,Jack Wilshere,Aaron Ramsey,Mesut Özil,Mikel Arteta,Santi Cazorla,Olivier Giroud,Nacho Monreal,Tomáš Rosický,Theo Walcott,
buffer,Wojciech Szczesny,Kieran Gibbs,Per Mertesacker,Laurent Koscielny,Bacary Sagna,Aaron Ramsey,Mikel Arteta,Mesut Özil,Jack Wilshere,Santi Cazorla,Olivier Giroud,Mathieu Flamini,Nacho Monreal,Theo Walcott,
buffer,Wojciech Szczesny,Nacho Monreal,Per Mertesacker,Laurent Koscielny,Carl Jenkinson,Tomáš Rosický,Mathieu Flamini,Santi Cazorla,Aaron Ramsey,Mesut Özil,Nicklas Bendtner,Jack Wilshere,Mikel Arteta,Theo Walcott,
buffer,Wojciech Szczesny,Laurent Koscielny,Per Mertesacker,Carl Jenkinson,Kieran Gibbs,Mikel Arteta,Mesut Özil,Jack Wilshere,Santi Cazorla,Aaron Ramsey,Olivier Giroud,Theo Walcott,Tomáš Rosický,Mathieu Flamini,
buffer,Wojciech Szczesny,Per Mertesacker,Laurent Koscielny,Bacary Sagna,Nacho Monreal,Aaron Ramsey,Mathieu Flamini,Theo Walcott,Jack Wilshere,Mesut Özil,Olivier Giroud,Thomas Vermaelen,Serge Gnabry,Nicklas Bendtner,
buffer,Wojciech Szczesny,Thomas Vermaelen,Bacary Sagna,Kieran Gibbs,Mikel Arteta,Mesut Özil,Per Mertesacker,Tomáš Rosický,Aaron Ramsey,Olivier Giroud,Theo Walcott,,,,
buffer,Wojciech Szczesny,Bacary Sagna,Kieran Gibbs,Per Mertesacker,Thomas Vermaelen,Aaron Ramsey,Santi Cazorla,Mikel Arteta,Mesut Özil,Theo Walcott,Olivier Giroud,Mathieu Flamini,Lukas Podolski,Nicklas Bendtner,
buffer,Wojciech Szczesny,Kieran Gibbs,Per Mertesacker,Laurent Koscielny,Bacary Sagna,Jack Wilshere,Mathieu Flamini,Tomáš Rosický,Olivier Giroud,Theo Walcott,Santi Cazorla,Carl Jenkinson,Mikel Arteta,Nicklas Bendtner,
buffer,Wojciech Szczesny,Laurent Koscielny,Bacary Sagna,Nacho Monreal,Per Mertesacker,Mathieu Flamini,Jack Wilshere,Mikel Arteta,Santi Cazorla,Theo Walcott,Lukas Podolski,Thomas Vermaelen,Tomáš Rosický,Nicklas Bendtner,
buffer,Wojciech Szczesny,Bacary Sagna,Per Mertesacker,Laurent Koscielny,Nacho Monreal,Jack Wilshere,Mesut Özil,Santi Cazorla,Mathieu Flamini,Serge Gnabry,Olivier Giroud,Tomáš Rosický,Alex Oxlade-Chamberlain,Kieran Gibbs,
buffer,Wojciech Szczesny,Per Mertesacker,Bacary Sagna,Nacho Monreal,Laurent Koscielny,Mesut Özil,Jack Wilshere,Santi Cazorla,Mathieu Flamini,Olivier Giroud,Serge Gnabry,Alex Oxlade-Chamberlain,Lukas Podolski,,
buffer,Wojciech Szczesny,Per Mertesacker,Laurent Koscielny,Bacary Sagna,Nacho Monreal,Mikel Arteta,Santi Cazorla,Mathieu Flamini,Serge Gnabry,Mesut Özil,Olivier Giroud,Kieran Gibbs,Lukas Podolski,Alex Oxlade-Chamberlain,
buffer,Wojciech Szczesny,Per Mertesacker,Bacary Sagna,Nacho Monreal,Laurent Koscielny,Alex Oxlade-Chamberlain,Mesut Özil,Mikel Arteta,Santi Cazorla,Olivier Giroud,Lukas Podolski,Kieran Gibbs,Tomáš Rosický,Nicklas Bendtner,
buffer,Wojciech Szczesny,Laurent Koscielny,Bacary Sagna,Nacho Monreal,Per Mertesacker,Santi Cazorla,Mikel Arteta,Mesut Özil,Alex Oxlade-Chamberlain,Jack Wilshere,Olivier Giroud,Lukas Podolski,Tomáš Rosický,Kieran Gibbs,
buffer,Wojciech Szczesny,Laurent Koscielny,Bacary Sagna,Kieran Gibbs,Per Mertesacker,Mikel Arteta,Santi Cazorla,Tomáš Rosický,Mesut Özil,Jack Wilshere,Olivier Giroud,Alex Oxlade-Chamberlain,,,
buffer,Wojciech Szczesny,Nacho Monreal,Per Mertesacker,Laurent Koscielny,Bacary Sagna,Santi Cazorla,Mikel Arteta,Tomáš Rosický,Jack Wilshere,Lukas Podolski,Olivier Giroud,Carl Jenkinson,Mathieu Flamini,Serge Gnabry,
buffer,Wojciech Szczesny,Bacary Sagna,Kieran Gibbs,Per Mertesacker,Laurent Koscielny,Mikel Arteta,Lukas Podolski,Tomáš Rosický,Jack Wilshere,Santi Cazorla,Olivier Giroud,Mesut Özil,Alex Oxlade-Chamberlain,Yaya Sanogo,
buffer,Wojciech Szczesny,Per Mertesacker,Laurent Koscielny,Bacary Sagna,Kieran Gibbs,Tomáš Rosický,Santi Cazorla,Mikel Arteta,Lukas Podolski,Alex Oxlade-Chamberlain,Olivier Giroud,Thomas Vermaelen,Nacho Monreal,Mathieu Flamini,
buffer,Wojciech Szczesny,Laurent Koscielny,Bacary Sagna,Kieran Gibbs,Per Mertesacker,Alex Oxlade-Chamberlain,Lukas Podolski,Tomáš Rosický,Mikel Arteta,Santi Cazorla,Olivier Giroud,Thomas Vermaelen,Carl Jenkinson,Mathieu Flamini,
buffer,Wojciech Szczesny,Per Mertesacker,Thomas Vermaelen,Bacary Sagna,Kieran Gibbs,Mikel Arteta,Alex Oxlade-Chamberlain,Tomáš Rosický,Mathieu Flamini,Santi Cazorla,Olivier Giroud,Kim Källström,Yaya Sanogo,Lukas Podolski,
buffer,Wojciech Szczesny,Thomas Vermaelen,Bacary Sagna,Kieran Gibbs,Per Mertesacker,Santi Cazorla,Tomáš Rosický,Mikel Arteta,Mathieu Flamini,Lukas Podolski,Olivier Giroud,Alex Oxlade-Chamberlain,Yaya Sanogo,,
buffer,Wojciech Szczesny,Per Mertesacker,Thomas Vermaelen,Bacary Sagna,Nacho Monreal,Mathieu Flamini,Santi Cazorla,Mikel Arteta,Lukas Podolski,Tomáš Rosický,Olivier Giroud,Alex Oxlade-Chamberlain,Aaron Ramsey,Yaya Sanogo,
buffer,Wojciech Szczesny,Bacary Sagna,Thomas Vermaelen,Per Mertesacker,Laurent Koscielny,Lukas Podolski,Tomáš Rosický,Mikel Arteta,Santi Cazorla,Kim Källström,Olivier Giroud,Carl Jenkinson,Aaron Ramsey,,
buffer,Wojciech Szczesny,Per Mertesacker,Laurent Koscielny,Bacary Sagna,Nacho Monreal,Aaron Ramsey,Mesut Özil,Mikel Arteta,Lukas Podolski,Santi Cazorla,Olivier Giroud,Mathieu Flamini,Alex Oxlade-Chamberlain,Yaya Sanogo,
buffer,Wojciech Szczesny,Laurent Koscielny,Bacary Sagna,Nacho Monreal,Per Mertesacker,Mikel Arteta,Mesut Özil,Aaron Ramsey,Lukas Podolski,Santi Cazorla,Olivier Giroud,Mathieu Flamini,Tomáš Rosický,Yaya Sanogo,
buffer,Wojciech Szczesny,Laurent Koscielny,Bacary Sagna,Nacho Monreal,Per Mertesacker,Mesut Özil,Mikel Arteta,Lukas Podolski,Santi Cazorla,Mathieu Flamini,Olivier Giroud,Thomas Vermaelen,Kim Källström,Tomáš Rosický,
buffer,Lukasz Fabianskiq,Carl Jenkinson,Laurent Koscielny,Bacary Sagna,Kieran Gibbs,Mesut Özil,Aaron Ramsey,Tomáš Rosický,Mikel Arteta,Olivier Giroud,Lukas Podolski,Abou Diaby,Jack Wilshere,Yaya Sanogo,buffer
